{
  "questionsEcrites": {
    "question": [
      {
        "uid": "QANR5L14QE96439",
        "identifiant": {
          "numero": "96439",
          "regime": "5eme République",
          "legislature": "14"
        },
        "type": "QE",
        "indexationAN": {
          "rubrique": "tourisme et loisirs",
          "teteAnalyse": "politique du tourisme",
          "analyses": {
            "analyse": [
              "taxe de séjour",
              "personnes en situation de handicap",
              "perspectives"
            ]
          }
        },
        "auteur": {
          "identite": {
            "acteurRef": "PA344242",
            "mandatRef": "PM645170"
          },
          "groupe": {
            "organeRef": "PO713077",
            "abrege": "SER",
            "developpe": "Socialiste, écologiste et républicain"
          }
        },
        "minInt": {
          "abrege": "Finances et comptes publics",
          "developpe": "Ministère des finances et des comptes publics"
        },
        "minAttribs": {
          "minAttrib": [
            {
              "denomination": {
                "abrege": "Finances et comptes publics",
                "developpe": "Ministère des finances et des comptes publics"
              }
            },
            {
              "denomination": {
                "abrege": "Économie et finances",
                "developpe": "Ministère de l'économie et des finances"
              }
            }
          ]
        },
        "textesQuestion": {
          "texteQuestion": {
            "infoJO": {
              "typeJO": "JO_QUESTION",
              "dateJO": "2016-06-07"
            },
            "texte": "M. Philippe Kemel appelle l'attention de M. le ministre des finances et des comptes publics sur l'abrogation de la circulaire référencée n° NOR/LBL/BO3/10070/C en date du 3 octobre 2003 qui fixait des exonérations (et réductions) ne dépendant pas des natures d'hébergement mais liées aux conditions des personnes hébergées. En effet, la dernière loi de finances vient de supprimer l'exonération de la taxe de séjour dont bénéficiaient jusqu'à présent les personnes handicapées durant leurs loisirs et leurs vacances. Ce dispositif permettait indirectement aux associations, ayant pour objet de mettre en place des séjours ou vacances pour des personnes handicapées, de bénéficier d'une réduction sur le tarif global du séjour. En outre, ces personnes déficientes intellectuellement disposent, en général, de faibles revenus et une augmentation, aussi minime soit-elle, impacte réellement sur leur participation à ces moments d'évasion de leur quotidien. Il lui demande si le Gouvernement envisage de revenir sur la suppression de cette exonération qui bénéficiait aux plus modestes."
          }
        },
        "textesReponse": null,
        "cloture": null,
        "signalement": null,
        "renouvellements": null
      },
      {
        "uid": "QANR5L14QE65246",
        "identifiant": {
          "numero": "65246",
          "regime": "5eme République",
          "legislature": "14"
        },
        "type": "QE",
        "indexationAN": {
          "rubrique": "justice",
          "teteAnalyse": "juridictions administratives",
          "analyses": {
            "analyse": [
              "procédures d'expertise",
              "transmission",
              "délais"
            ]
          }
        },
        "auteur": {
          "identite": {
            "acteurRef": "PA563",
            "mandatRef": "PM645307"
          },
          "groupe": {
            "organeRef": "PO645633",
            "abrege": "NI",
            "developpe": "Non inscrit"
          }
        },
        "minInt": {
          "abrege": "Justice",
          "developpe": "Ministère de la justice"
        },
        "minAttribs": {
          "minAttrib": {
            "denomination": {
              "abrege": "Justice",
              "developpe": "Ministère de la justice"
            }
          }
        },
        "textesQuestion": {
          "texteQuestion": {
            "infoJO": {
              "typeJO": "JO_QUESTION",
              "dateJO": "2014-09-30"
            },
            "texte": "M. Jacques Bompard attire l'attention de Mme la garde des sceaux, ministre de la justice, sur la transmission contradictoire des rapports d'expertise lors de procédures administratives contentieuses. Il a ainsi été alerté par un concitoyen qui n'avait toujours pas reçu le rapport définitif d'expertise relatif à une infection nosocomiale que le concitoyen a contracté lors d'une opération chirurgicale. Pourtant, ce rapport définitif a bien été déposé par l'expert au greffe du tribunal administratif compétent au cours du mois de juin 2012. À ce jour, et après multiples alertes auprès du tribunal, ledit rapport n'a toujours pas été transmis aux parties. Il lui demande donc ce que l'administré doit faire pour obtenir ce rapport capital dont la non-transmission empêche la mise en place d'une date d'audience pour évaluer et éventuellement réparer son préjudice."
          }
        },
        "textesReponse": {
          "texteReponse": {
            "infoJO": {
              "typeJO": "JO_QUESTION",
              "dateJO": "2016-01-05"
            },
            "texte": "L’articleR. 621-9 du code de justice administrative prévoit, depuis sa modification issue du décret no 2010-164 du 22 février 2010, que les copies du rapport d’expertise sont notifiées aux parties par l’expert lui-même. Ainsi, contrairement à la rédaction du texte qui prévalait antérieurement, le greffe du tribunal administratif n’est plus compétent pour adresser le rapport d’expertise aux parties exception faite, depuis 2013 et la généralisation des Téléprocédures, du cas où l’expert a déposé son rapport au greffe sous forme numérique. Lorsque surviennent toutefois des difficultés dans la notification, par l’expert, du rapport aux parties, qui légitimement attendent sa communication, en vue de présenter leurs observations, et, pour le demandeur, en vue de chiffrer ou de parfaire le chiffrage de son préjudice, ces dernières peuvent alerter le greffe du tribunal qui rappellera à l’expert les obligations qui lui incombent. Néanmoins, le tribunal ne dispose, à ce stade de la procédure, d’aucun moyen lui permettant de contraindre l’expert à procéder à cette notification. Le président du Tribunal pourra seulement, le cas échéant, prendre en considération l’insuffisance de diligence de l’expert lorsqu’il procédera à l’évaluation des honoraires dus au titre de l’expertise, conformément aux dispositions de l’article R.621-11 du code de justice administrative. Par ailleurs, le dépôt du rapport d’expertise ne rouvre pas l’instruction de l’affaire qui, si elle est en état, peut être inscrite à une audience dès lors que la partie demanderesse a chiffré son préjudice avant l’expertise, en se réservant la possibilité de le compléter après le dépôt du rapport."
          }
        },
        "cloture": {
          "codeCloture": "REP_PUB",
          "libelleCloture": "Réponse publiée",
          "dateCloture": "2016-01-05",
          "infoJO": {
            "typeJO": "JO_QUESTION",
            "dateJO": "2016-01-05",
            "pageJO": "172"
          }
        },
        "signalement": null,
        "renouvellements": null
      },
      {
        "uid": "QANR5L14QE52151",
        "identifiant": {
          "numero": "52151",
          "regime": "5eme République",
          "legislature": "14"
        },
        "type": "QE",
        "indexationAN": {
          "rubrique": "formation professionnelle",
          "teteAnalyse": "AFPA",
          "analyses": {
            "analyse": [
              "Cour des comptes",
              "rapport",
              "recommandations"
            ]
          }
        },
        "auteur": {
          "identite": {
            "acteurRef": "PA607489",
            "mandatRef": "PM645366"
          },
          "groupe": {
            "organeRef": "PO707869",
            "abrege": "LES-REP",
            "developpe": "Les Républicains"
          }
        },
        "minInt": {
          "abrege": "Travail, emploi, formation professionnelle et dialogue social",
          "developpe": "Ministère du travail, de l'emploi, de la formation professionnelle et du dialogue social"
        },
        "minAttribs": {
          "minAttrib": [
            {
              "denomination": {
                "abrege": "Travail, emploi, formation professionnelle et dialogue social",
                "developpe": "Ministère du travail, de l'emploi, de la formation professionnelle et du dialogue social"
              }
            },
            {
              "denomination": {
                "abrege": "Travail, emploi et dialogue social",
                "developpe": "Ministère du travail, de l'emploi et du dialogue social"
              }
            }
          ]
        },
        "textesQuestion": {
          "texteQuestion": {
            "infoJO": {
              "typeJO": "JO_QUESTION",
              "dateJO": "2014-03-18"
            },
            "texte": "M. Guillaume Chevrollier attire l'attention de M. le ministre du travail, de l'emploi, de la formation professionnelle et du dialogue social sur l'association nationale pour la formation professionnelle des adultes (AFPA). Un récent rapport de la Cour des comptes dresse un constat sévère sur la stratégie de l'AFPA qui n'a pas su adapter son implantation territoriale ni renforcer sa compétitivité. Il lui demande si le Gouvernement a l'intention de suivre les recommandations de la Cour des comptes."
          }
        },
        "textesReponse": {
          "texteReponse": {
            "infoJO": {
              "typeJO": "JO_QUESTION",
              "dateJO": "2014-08-26"
            },
            "texte": "L'association pour la formation professionnelle des adultes (AFPA) est d'abord, grâce à son organisation nationale, le principal organisme de formation des demandeurs d'emploi avec près de 120 000 stagiaires chaque année qu'elle amène, pour une grande partie d'entre eux, à une qualification certifiée leur permettant une insertion durable dans l'emploi. De plus, l'AFPA délivre des services, tels que l'hébergement et la restauration, que les autres organismes de formation n'offrent pas, permettant ainsi d'accueillir en formation des demandeurs d'emploi en situation de fragilité ou venant de territoires éloignés. Malheureusement, les décisions prises par les précédents Gouvernements, à compter de 2004, ont fragilisé l'AFPA en soumettant, sans aucun accompagnement, l'ensemble de son offre de formation aux marchés publics. Malgré les efforts importants d'adaptation faits par les personnels de l'association et leur professionnalisme reconnu, l'AFPA est confrontée à des difficultés financières qui imposent qu'elle redéfinisse son modèle d'activité. S'agissant de la question du patrimoine, le Gouvernement a décidé de conclure des baux emphytéotiques administratifs afin que l'AFPA puisse pendant 50 ans bénéficier de droits réels pour adapter et étendre ses locaux, en améliorer la gestion et ainsi mieux maîtriser la carte de ses sites de formation et valoriser ses services d'hébergement et de restauration. Cette orientation est parfaitement en ligne avec les recommandations formulées par la cour des comptes dans son rapport rendu public le 21 janvier 2014. En effet, la cour a indiqué que « la question du patrimoine affecté à l AFPA est un enjeu central en termes financiers mais aussi d'organisation de l'activité et de sa restructuration sur le territoire » et a énoncé qu'il « est indispensable que l'AFPA dispose de droits réels sur le patrimoine immobilier, éventuellement sous forme de baux emphytéotiques administratifs ou dans le cadre d'une négociation avec les collectivités territoriales ». Or, l'État est sur le point de conclure avec l'association une première vague de baux dans la région Midi-Pyrénées et de valider l'adoption d'un modèle d'actes qui facilitera le développement de ce mode de contractualisation dans les mois à venir. Par ailleurs, grâce à la loi du 5 mars 2014 relative à la formation professionnelle, à l'emploi et à la démocratie sociale, les régions vont pouvoir acquérir le patrimoine immobilier occupé par l'AFPA dans le cadre d'un projet partagé avec l'association. Ce droit d'option permettra une meilleure valorisation et rénovation du patrimoine immobilier. Grâce à ces deux avancées, conformes aux récentes recommandations de la Cour des comptes, le Gouvernement entend faciliter le processus de restructuration du maillage territorial conduit par l'équipe dirigeante de l'AFPA. S'agissant de la capitalisation de l'association, l'État a souscrit des participations constitutives de fonds propres, indispensables à l'AFPA pour emprunter à moyen terme. Ainsi, l'État a fait un premier apport de 110 millions d'euros en 2013 puis un deuxième en 2014. L'Etat assure ainsi près de la moitié des besoins de financement de l'AFPA, chiffrés à près de 430 millions d'euros. La seconde moitié sera apportée par la mobilisation des établissements bancaires actuels ou partenaires financiers futurs. Parallèlement, la gouvernance de l'association sera ajustée afin de permettre aux différents partenaires, dont l'État, de mieux suivre la mise en oeuvre du plan de refondation élaboré par son président et par là même, le devenir de l'association. Enfin, ce plan de refondation global s'accompagnera dans sa mise en oeuvre d'une réorganisation et d'une réduction des coûts de fonctionnement sans porter atteinte au formidable capital humain dont dispose l'association. L'État a donc su mettre en oeuvre les moyens nécessaires à la pérennisation de l'association."
          }
        },
        "cloture": {
          "codeCloture": "REP_PUB",
          "libelleCloture": "Réponse publiée",
          "dateCloture": "2014-08-26",
          "infoJO": {
            "typeJO": "JO_QUESTION",
            "dateJO": "2014-08-26",
            "pageJO": "7242"
          }
        },
        "signalement": null,
        "renouvellements": null
      },
      {
        "uid": "QANR5L14QE55799",
        "identifiant": {
          "numero": "55799",
          "regime": "5eme République",
          "legislature": "14"
        },
        "type": "QE",
        "indexationAN": {
          "rubrique": "politique sociale",
          "teteAnalyse": "lutte contre l'exclusion",
          "analyses": {
            "analyse": [
              "cycle de la pauvreté",
              "rapport parlementaire"
            ]
          }
        },
        "auteur": {
          "identite": {
            "acteurRef": "PA267479",
            "mandatRef": "PM645504"
          },
          "groupe": {
            "organeRef": "PO713077",
            "abrege": "SER",
            "developpe": "Socialiste, écologiste et républicain"
          }
        },
        "minInt": {
          "abrege": "Handicapés et lutte contre l'exclusion",
          "developpe": "Secrétariat d'État, auprès de la ministre des affaires sociales et de la santé, chargé des personnes handicapées et de la lutte contre l'exclusion"
        },
        "minAttribs": {
          "minAttrib": [
            {
              "denomination": {
                "abrege": "Handicapés et lutte contre l'exclusion",
                "developpe": "Secrétariat d'État, auprès de la ministre des affaires sociales et de la santé, chargé des personnes handicapées et de la lutte contre l'exclusion"
              }
            },
            {
              "denomination": {
                "abrege": "Handicapés et lutte contre l'exclusion",
                "developpe": "Secrétariat d'État, auprès de la ministre des affaires sociales, de la santé et des droits des femmes, chargé des personnes handicapées et de la lutte contre l'exclusion"
              }
            }
          ]
        },
        "textesQuestion": {
          "texteQuestion": {
            "infoJO": {
              "typeJO": "JO_QUESTION",
              "dateJO": "2014-05-20"
            },
            "texte": "M. Kléber Mesquida attire l'attention de Mme la secrétaire d'État, auprès de la ministre des affaires sociales et de la santé, chargée des personnes handicapées et de la lutte contre l'exclusion, sur le cycle de la pauvreté. En effet, en dépit d'un niveau de protection sociale élevé, de la conduite de politiques ciblées et de l'engagement non démenti de nombreuses associations caritatives, la pauvreté continue de progresser en France. Amplifié par les effets destructeurs de la crise économique, ce phénomène touche désormais de nouveaux publics en difficulté, qu'il s'agisse des jeunes, des femmes élevant seules leurs enfants, des travailleurs pauvres, dont le nombre va croissant, ou des personnes âgées qui risquent d'être fragilisées davantage à l'avenir. Plus grave encore, l'on constate aujourd'hui une hérédité de la pauvreté entre génération. Le rapport d'information de M. Yannick Vaugrenard, fait au nom de la délégation sénatoriale à la prospective le 19 février 2014, dénonce ce cycle de la pauvreté et dresse les nombreux visages de la pauvreté de nos jours. Aussi, il lui demande si des mesures vont être prises afin de prendre en compte les préconisations du rapport."
          }
        },
        "textesReponse": {
          "texteReponse": {
            "infoJO": {
              "typeJO": "JO_QUESTION",
              "dateJO": "2016-01-26"
            },
            "texte": "Le rapport d'information de M. Yannick Vaugrenard intitulé \"comment enrayer le cycle de la pauvreté ? Osons la fraternité ! \" dresse le constat de l'aggravation de la pauvreté et de sa transmission intergénérationnelle et préconise une action des pouvoirs publics autour de trois objectifs : prendre conscience, instaurer la confiance, oser la fraternité déclinés en 12 actions concrètes.  Le plan pluriannuel contre la pauvreté et pour l'inclusion sociale adopté par le Gouvernement le 21 janvier 2013 a marqué un changement de méthode et d'approche avec, notamment, la reconnaissance de 5 grands principes devant structurer l'action publique sur le long terme : l'objectivité, la non-stigmatisation, la participation des personnes en situation de pauvreté, le juste droit et le décloisonnement des politiques sociales. Des réponses à certaines préconisations de M. Vaugrenard ont ainsi d'ores-et-déjà été apportées dans le plan pluriannuel précité. Ce plan pluriannuel a en effet permis la mise en &#339;uvre d'action destinées, d'une part,  à lutter contre le non recours telles que le chantier de simplification des demandes ou l'organisation par la caisse nationale d'allocations familiales (CNAF) de rendez-vous des droits et, d'autre part, à assurer un accompagnement et un soutien financier aux jeunes en difficulté dans le cadre de la \"garantie jeunes\". Il fait également le pari de la prévention et de l'insertion ainsi que le soutien à la parentalité. Les premiers effets du plan ont été observés par l'INSEE qui a pointé un léger infléchissement de la pauvreté en France dans l'enquête \"niveaux de vie\" parue en septembre 2015 : non seulement le nombre des personnes en dessous du seuil de pauvreté recule, mais l'intensité de la pauvreté se réduit de 1 point entre 2012 et 2013. Ainsi, les enfants de moins de 18 ans, qui avait été particulièrement touchés par la hausse de la pauvreté entre 2008 et 2012, voient leur taux de pauvreté diminuer pour la première fois depuis le début de la crise. L'action des pouvoirs publics se poursuit dans le même esprit. C'est la raison pour laquelle le Premier ministre a adopté le 3 mars 2015 la feuille de route pour la période 2015 /2017 qui se décline en 54 actions pour maintenir et amplifier les efforts accomplis mais aussi confirmer un nouveau principe : celui de l'accompagnement."
          }
        },
        "cloture": {
          "codeCloture": "REP_PUB",
          "libelleCloture": "Réponse publiée",
          "dateCloture": "2016-01-26",
          "infoJO": {
            "typeJO": "JO_QUESTION",
            "dateJO": "2016-01-26",
            "pageJO": "820"
          }
        },
        "signalement": null,
        "renouvellements": null
      },
      {
        "uid": "QANR5L14QE26305",
        "identifiant": {
          "numero": "26305",
          "regime": "5eme République",
          "legislature": "14"
        },
        "type": "QE",
        "indexationAN": {
          "rubrique": "audiovisuel et communication",
          "teteAnalyse": "médias",
          "analyses": {
            "analyse": [
              "publications en ligne",
              "limitations",
              "réglementation"
            ]
          }
        },
        "auteur": {
          "identite": {
            "acteurRef": "PA606230",
            "mandatRef": "PM645342"
          },
          "groupe": {
            "organeRef": "PO713077",
            "abrege": "SER",
            "developpe": "Socialiste, écologiste et républicain"
          }
        },
        "minInt": {
          "abrege": "Intérieur",
          "developpe": "Ministère de l'intérieur"
        },
        "minAttribs": {
          "minAttrib": {
            "denomination": {
              "abrege": "Intérieur",
              "developpe": "Ministère de l'intérieur"
            }
          }
        },
        "textesQuestion": {
          "texteQuestion": {
            "infoJO": {
              "typeJO": "JO_QUESTION",
              "dateJO": "2013-05-14"
            },
            "texte": "M. Fabrice Verdier attire l'attention de M. le ministre de l'intérieur sur la vive polémique entre la Direction centrale du renseignement intérieur (DCRI) et l'encyclopédie collaborative Wikipedia. Dans un communiqué du 6 avril 2013, publié sur internet, l'association Wikimedia France a fait état de pressions exercées par la Direction centrale du renseignement intérieur sur son président pour obtenir la suppression d'un article concernant la station hertzienne militaire de Pierre-sur-Haute, publié dans la version française de l'encyclopédie collaborative Wikipedia. La démarche de la DCRI a été considérée comme une tentative de censure et a provoqué un large écho international. Il lui demande ce qui a justifié cette mesure alors que les éléments publiés dans cet article provenaient de sources publiques et notamment d'informations reprises d'un reportage diffusé par la chaîne locale \"Télévision Loire 7\". La DCRI aurait, par ailleurs, le 4 avril 2013, convoqué et menacé d'un placement en garde à vue et d'une mise en examen du président de Wikimedia France. Cette manière de procéder est étonnante car l'association Wikimedia France n'est pas l'hébergeur de l'encyclopédie Wikipedia. Son hébergeur, seul responsable juridique, est l'association américaine \"Wikimedia foundation\". Le président de Wikimedia France n'est d'ailleurs pas le co-auteur de l'article incriminé. Il lui demande donc sur quelles bases légales la DCRI a agi et si le cadre légal doit être précisé à l'avenir. S'il comprend parfaitement que les services de sécurité doivent disposer des moyens de lutter efficacement contre les différentes menaces pesant sur notre pays, il lui demande cependant quelles mesures il compte prendre pour concilier la liberté d'expression sur internet avec le respect des intérêts stratégiques de la France."
          }
        },
        "textesReponse": {
          "texteReponse": {
            "infoJO": {
              "typeJO": "JO_QUESTION",
              "dateJO": "2013-10-01"
            },
            "texte": "En juin 2010, la direction centrale du renseignement intérieur (DCRI) était alertée par le ministère de la défense de l'existence sur le site Wikipédia d'un article compromettant des informations, relatives à la chaîne de transmission de l'ordre de mise à feu nucléaire, classifiées Confidentiel Défense et Secret Défense. Avisé, le parquet du tribunal de grande instance de Paris demandait à la DCRI de mener une enquête préliminaire pour atteinte au secret de la défense nationale (articles 413-9, 413-11 et 414-7 du code pénal). En novembre 2010, le vice-président de l'association Wikimédia France était entendu et affirmait que seule la Wikemedia Foundation, Inc. , aux Etats-Unis, pouvait retirer l'article litigieux et identifier son auteur. Une demande d'entraide pénale internationale était donc présentée aux autorités américaines. Ces dernières l'ont toutefois rejetée, au motif que le délai légal de conservation des données était dépassé. Le parquet demandait alors à la DCRI de mettre un terme à son enquête. En janvier 2013, le ministère de la défense informait la DCRI d'une nouvelle mise en ligne d'éléments compromettant des données classifiées, s'ajoutant à celles déjà accessibles sur Wikipédia. Avisé, le parquet du tribunal de grande instance de Paris ordonnait à la DCRI une nouvelle enquête préliminaire pour atteinte au secret de la défense nationale. (articles 413-9, 413-11 et 414-7 du code pénal). Le ministère de la défense faisait valoir que la publication de ces informations, classifiées, causait un préjudice important à la défense nationale. Entendu par la DCRI en février, le président de l'association Wikimédia France affirmait que, bien que possédant les droits d'administrateur du site Wikipédia, il ne prendrait pas la responsabilité de supprimer des données diffusées par la Wikemedia Foundation, Inc. Les dirigeants de cette fondation aux Etats-Unis étaient contactés à plusieurs reprises par la DCRI pour les alerter de cette publication d'informations classifiées et violant le droit français relatif au secret de la défense nationale. Devant le refus des dirigeants de cette fondation de retirer toute information en ligne, le président de l'association Wikimédia France, administrateur de Wikipédia, qui risquait une mesure de garde à vue pour complicité de compromission du secret de la défense nationale, était une nouvelle fois convoqué en avril par la DCRI. L'intéressé consentait à supprimer l'article. Deux encarts étaient ensuite postés par ses soins sur le site Wikipédia pour faire savoir aux internautes que l'article avait été supprimé à la demande des autorités françaises en raison des données classifiées qu'il contenait. Une mise en garde signalait que toute nouvelle diffusion de cet article engagerait la responsabilité pénale de l'administrateur qui y procéderait. Rien dans cette affaire ne saurait s'apparenter à une quelconque atteinte à la liberté d'expression ou à la liberté de la presse, particulièrement protégées en France par le droit national et par le droit européen. Le droit, en l'occurrence le code pénal, a été appliqué. Cependant, au-delà de cette situation particulière, il faut aujourd'hui faire face au déploiement des nouvelles technologies et repenser le cadre de nouveaux équilibres entre l'exigence absolue de respect de la liberté d'information et l'exigence tout aussi absolue de sauvegarde de la sécurité des intérêts fondamentaux de la nation. A cet effet, un groupe de travail interministériel, présidé par un haut magistrat et associant les ministres des finances, de la justice, de l'intérieur et de l'économie numérique, rendra ses conclusions à la fin du mois de novembre 2013. Il convient de plus d'ajouter que les vérifications entreprises n'ont pas permis de déceler la mise en ligne par Wikipédia d'informations aussi détaillées sur les bases américaines que celles présentes sur les bases militaires françaises. Or, bien qu'elle soit de droit américain, il est légitime que la fondation Wikimedia respecte les lois et règlements et intérêts fondamentaux de l'ensemble des espaces culturels couverts par le beau projet universel qu'est Wikipédia."
          }
        },
        "cloture": {
          "codeCloture": "REP_PUB",
          "libelleCloture": "Réponse publiée",
          "dateCloture": "2013-10-01",
          "infoJO": {
            "typeJO": "JO_QUESTION",
            "dateJO": "2013-10-01",
            "pageJO": "10358"
          }
        },
        "signalement": null,
        "renouvellements": null
      },
      {
        "uid": "QANR5L14QE35984",
        "identifiant": {
          "numero": "35984",
          "regime": "5eme République",
          "legislature": "14"
        },
        "type": "QE",
        "indexationAN": {
          "rubrique": "sports",
          "teteAnalyse": "sportifs",
          "analyses": {
            "analyse": [
              "litiges",
              "responsabilité civile"
            ]
          }
        },
        "auteur": {
          "identite": {
            "acteurRef": "PA336316",
            "mandatRef": "PM645298"
          },
          "groupe": {
            "organeRef": "PO707869",
            "abrege": "LES-REP",
            "developpe": "Les Républicains"
          }
        },
        "minInt": {
          "abrege": "Sports, jeunesse, éducation populaire et vie associative",
          "developpe": "Ministère des sports, de la jeunesse, de l'éducation populaire et vie associative"
        },
        "minAttribs": {
          "minAttrib": [
            {
              "denomination": {
                "abrege": "Sports, jeunesse, éducation populaire et vie associative",
                "developpe": "Ministère des sports, de la jeunesse, de l'éducation populaire et vie associative"
              }
            },
            {
              "denomination": {
                "abrege": "Femmes, ville, jeunesse et sports",
                "developpe": "Ministère des droits des femmes, de la ville, de la jeunesse et des sports"
              }
            },
            {
              "denomination": {
                "abrege": "Sports",
                "developpe": "Secrétariat d'État, auprès du ministre de la ville, de la jeunesse et des sports, chargé des sports"
              }
            }
          ]
        },
        "textesQuestion": {
          "texteQuestion": {
            "infoJO": {
              "typeJO": "JO_QUESTION",
              "dateJO": "2013-08-13"
            },
            "texte": "M. Jean-Claude Bouchet attire l'attention de Mme la ministre des sports, de la jeunesse, de l'éducation populaire et de la vie associative sur la remise du rapport au Parlement, élaboré en concertation avec le Comité national olympique et sportif français, relatif aux enjeux et perspectives d'évolution du régime de responsabilité civile en matière sportive, prévu par l'article 2 de la loi n° 2012-348 du 12 mars 2012 tendant à faciliter l'organisation des manifestations sportives et culturelles, avant le 1er juillet 2013. Il lui demande de bien vouloir lui indiquer si celui-ci est désormais aux oubliettes."
          }
        },
        "textesReponse": {
          "texteReponse": {
            "infoJO": {
              "typeJO": "JO_QUESTION",
              "dateJO": "2015-03-24"
            },
            "texte": "Si toute activité humaine entraîne des risques, l'activité sportive implique des risques accrus et inhérents à la pratique du sport. Dans le domaine de la responsabilité, cette singularité sportive était traditionnellement prise en compte par la jurisprudence via « la théorie de l'acceptation des risques ». Selon celle-ci, les pratiquants ont connaissance des risques normaux et prévisibles qu'ils encourent en pratiquant leur sport et les ont acceptés. Dès lors ils ne peuvent engager la responsabilité d'un tiers que si ce dernier a commis une faute manifeste consistant en une violation caractérisée d'une règle du sport considéré. Dans un contexte général où la protection des victimes d'accidents corporels est de plus en plus systématiquement recherchée, plusieurs décisions sont venues remettre en cause cette théorie au cours des années 2000, en dépit d'une décision du 29 juin 2007 de la chambre plénière de la cour de cassation la réaffirmant et écartant la responsabilité sans faute des sportifs et de leurs associations. Par un arrêt en date du 4 novembre 2010, la cour de cassation opérait de fait un revirement et réduisait le champ d'application de la théorie des risques acceptés en reconnaissant une responsabilité sans faute du fait des choses, à l'occasion d'un accident impliquant une moto. Les effets de cette décision se sont rapidement fait sentir avec une forte augmentation des primes d'assurance de certaines fédérations (notamment motocyclisme et automobile). Les débats parlementaires intervenus lors de la discussion de la proposition de loi « visant à modifier le régime de responsabilité civile du fait des choses des pratiquants sportifs sur les lieux réservés à la pratique sportive » ont montré la nécessité d'analyser de manière plus globale cette problématique. C'est dans ce cadre que le rapport prévu par l'article 2 de la loi du 12 mars 2012 a pu être élaboré après que le comité national olympique et sportif français (CNOSF) a exprimé son analyse et ses propositions, elles-mêmes concertées avec les représentants de différentes parties intéressées. Il fait ressortir que l'enjeu peut se décliner en deux volets : - d'une part, il convient de veiller à ce que les pratiquants sportifs, victimes d'accidents à l'occasion de leur pratique, puissent bénéficier, le cas échéant, d'une juste indemnisation leur permettant d'apporter une réponse aux conséquences, parfois dramatiques, engendrées par un accident sportif dans leur vie professionnelle et quotidienne ; - d'autre part, il convient de sécuriser juridiquement et économiquement la situation des fédérations et des organisateurs sportifs. En effet, plus la responsabilité civile d'un sportif ou de son club sera engagée facilement, plus le montant des assurances responsabilités civiles qui doivent obligatoirement être souscrits sera élevé. Dans l'hypothèse où la responsabilité civile d'un pratiquant à l'origine d'un dommage peut être engagée en toutes circonstances, même en l'absence de faute, le coût de l'assurance responsabilité civile augmentera de manière si importante, qu'il y a un risque réel pour qu'il soit trop important pour la fédération ou que celle-ci ne trouve plus aucun assureur acceptant de couvrir les risques de responsabilité civile du sport considéré. Avant finalisation du rapport, les pistes d'évolutions ont récemment été présentées au CNOSF et à des présidents de fédérations et ont reçu leur entier soutien. De même que l'enjeu est double, elles concernent deux axes indissociables : - en premier lieu, afin de sécuriser la situation des fédérations sportives et éviter l'explosion de leurs primes d'assurances responsabilité civile, il serait proposé de consacrer dans la loi la théorie de l'acceptation des risques et d'unifier à partir de cette dernière, l'ensemble des régimes de responsabilité civile délictuelle invocable en matière sportive. - en second lieu et pour que tous les pratiquants soient couverts convenablement en cas d'accident, il serait cohérent de prévoir que tout licencié à une fédération puisse justifier d'une assurance individuelle accident. Ce projet de rapport doit maintenant pouvoir être déposé au Parlement très prochainement. Ses préconisations équilibrées faciliteraient concrètement la poursuite du développement de la pratique sportive dans un cadre sécurisé pour les organisateurs comme pour les pratiquants."
          }
        },
        "cloture": {
          "codeCloture": "REP_PUB",
          "libelleCloture": "Réponse publiée",
          "dateCloture": "2015-03-24",
          "infoJO": {
            "typeJO": "JO_QUESTION",
            "dateJO": "2015-03-24",
            "pageJO": "2350"
          }
        },
        "signalement": null,
        "renouvellements": {
          "renouvellement": [
            {
              "infoJO": {
                "typeJO": "JO_QUESTION",
                "dateJO": "2014-02-25"
              }
            },
            {
              "infoJO": {
                "typeJO": "JO_QUESTION",
                "dateJO": "2014-09-23"
              }
            },
            {
              "infoJO": {
                "typeJO": "JO_QUESTION",
                "dateJO": "2015-03-03"
              }
            }
          ]
        }
      },
      {
        "uid": "QANR5L14QE58369",
        "identifiant": {
          "numero": "58369",
          "regime": "5eme République",
          "legislature": "14"
        },
        "type": "QE",
        "indexationAN": {
          "rubrique": "consommation",
          "teteAnalyse": "information des consommateurs",
          "analyses": {
            "analyse": [
              "produits alimentaires",
              "équilibre nutritionnel"
            ]
          }
        },
        "auteur": {
          "identite": {
            "acteurRef": "PA605952",
            "mandatRef": "PM645049"
          },
          "groupe": {
            "organeRef": "PO713077",
            "abrege": "SER",
            "developpe": "Socialiste, écologiste et républicain"
          }
        },
        "minInt": {
          "abrege": "Affaires sociales",
          "developpe": "Ministère des affaires sociales et de la santé"
        },
        "minAttribs": {
          "minAttrib": {
            "denomination": {
              "abrege": "Affaires sociales",
              "developpe": "Ministère des affaires sociales et de la santé"
            }
          }
        },
        "textesQuestion": {
          "texteQuestion": {
            "infoJO": {
              "typeJO": "JO_QUESTION",
              "dateJO": "2014-07-01"
            },
            "texte": "Mme Barbara Romagnan attire l'attention de Mme la ministre des affaires sociales et de la santé sur la nécessité de définir un modèle national d'étiquetage nutritionnel simplifié afin de lutter contre les maladies chroniques liées à une mauvaise alimentation. En France, 49 % des adultes et 18 % des enfants sont obèses ou en surpoids, 3 millions de personnes sont diabétiques, quant aux maladies cardiovasculaires elles représentent la deuxième cause de mortalité avec 147 000 décès annuels. Alors que les produits transformés constituent désormais la grande majorité des aliments consommés, l'observatoire de la qualité de l'alimentation (OQALI) a démontré que sur les dix dernières années, l'industrie alimentaire n'a pas été en mesure de diminuer les taux de matières grasses saturées, de sucre ou de sel dans les aliments. C'est donc intégralement sur les consommateurs que repose la responsabilité de construire une alimentation équilibrée dans la durée, mais de nombreuses études montrent leur incapacité à identifier la qualité nutritionnelle de ces aliments industriels. En effet, qu'il s'agisse de l'étiquetage défini par la réglementation européenne ou des étiquetages volontaires mis en œuvre par les professionnels, leurs formats restent tous particulièrement complexes et donc inutilisables en pratique. C'est dans cette optique, qu'un rapport remis en janvier 2014 à la ministre de la santé propose une échelle nutritionnelle simple et compréhensible par tous, classant les aliments en 5 classes sous la forme d'une échelle colorielle afin de lui assurer une grande lisibilité. Alors que les divers formats nutritionnels existant, nuisent par leur diversité à la compréhension et à la comparaison entre produits, cette proposition a pour ambition de fournir un modèle national unique pour les étiquetages que les professionnels pourront mettre en place à titre volontaire. Cette mesure présente aussi un intérêt incitatif pour les industriels, car elle incitera à l'amélioration de la composition des produits en valorisant leurs efforts au travers d'un positionnement plus favorable sur l'échelle nutritionnelle visible par les consommateurs. Cette mesure est soutenue par trente et une sociétés savantes, organisations scientifiques, associations de malades et de consommateurs. Elle est également appuyée par une pétition ayant recueilli plus de 20 000 signatures de professionnels de la santé. Alors que l'obésité et le surpoids continuent à augmenter chez les adultes et les enfants des classes défavorisées, alors que les chiffres du diabète augmentent de 6 % chaque année, il est essentiel que la loi de santé publique qui donnera les grandes orientations de santé pour les 10 ans à venir comporte un volet nutritionnel à la hauteur des enjeux que représente l'alimentation. Compte tenu de ces éléments, elle lui demande donc de bien vouloir lui indiquer comment, à l'instar des réflexions qui ont lieu actuellement au vu du projet de loi de santé publique de 2014, le Gouvernement entend encadrer les modalités de mise en œuvre de cet étiquetage nutritionnel nécessaire à la prévention de l'obésité et à l'information du consommateur."
          }
        },
        "textesReponse": {
          "texteReponse": {
            "infoJO": {
              "typeJO": "JO_QUESTION",
              "dateJO": "2014-08-12"
            },
            "texte": "La France est confrontée à des enjeux de santé publique importants dans le domaine du surpoids et de l'obésité et des maladies chroniques qui en découlent. On constate une aggravation des inégalités sociales de santé dans le domaine du surpoids et de l'obésité. Par ailleurs, depuis dix ans, on assiste à une véritable épidémie du diabète, notamment de type 2 dont les facteurs de risque majeurs sont le surpoids et l'obésité. 15 % des Français, soit près de 7 millions d'adultes, sont obèses et 32 % des adultes français sont en surpoids ; 14 % des enfants de 3 à 17 ans sont en surpoids et 3,5 % obèses et il y a 10 fois plus d'enfants obèses chez les ouvriers que chez les cadres. Enfin, plusieurs régions affichent des taux élevés d'obésité : le Nord-Pas-de-Calais (21,3%), la Champagne-Ardenne (20,9%), la Picardie (20%) et la Haute-Normandie (19,6%) sans oublier les régions d'Outre-mer. En 2011, le seuil des 3 millions de personnes traitées pour diabète a été franchi. Sur les dix dernières années, les effectifs de patients traités ont augmenté annuellement de 5,4 % en moyenne. Une projection tendancielle amènerait une croissance des dépenses directement liées au diabète de 70 % par rapport à 2010, l'essentiel de la croissance étant lié à la progression des effectifs de patients traités. L'alimentation est un déterminant majeur de la santé. Ainsi, il est prouvé que la diminution de 10 à 5 g de sel par jour permettrait de réduire le taux d'accidents vasculaires cérébraux de 23 % et de 17 % les maladies cardio-vasculaires (OMS Europe 2011). Ou encore, le World Cancer Research Fund a estimé qu'un tiers des cancers les plus fréquents pourraient être évités dans les pays développés par la prévention nutritionnelle. En France, il y a eu, en 2011, 365 000 nouveaux cas de cancers. La corrélation entre l'alimentation et la santé, ainsi que le choix d'un régime alimentaire approprié et correspondant aux besoins individuels, sont une forte et légitime préoccupation des consommateurs. Ainsi, un sondage réalisé auprès des consommateurs début 2014 par l'association Consommation, logement et cadre de vie (CLCV) sur l'amélioration de l'étiquetage nutritionnel a reçu 80 % d'avis favorables. Enfin, l'étiquetage nutritionnel est un outil important pour informer les consommateurs de la composition des denrées alimentaires et pour les aider à faire leur choix. C'est pourquoi la ministre des affaires sociales et de la santé proposera, dans la loi de santé, que soit inscrit au code de la santé publique le principe d'une information nutritionnelle volontaire, synthétique, simple, accessible par tous. Celle-ci pourra être fondée sur des recommandations dont les modalités d'établissement seront définies après avis de l'Agence nationale de sécurité sanitaire de l'alimentation, de l'environnement et du travail."
          }
        },
        "cloture": {
          "codeCloture": "REP_PUB",
          "libelleCloture": "Réponse publiée",
          "dateCloture": "2014-08-12",
          "infoJO": {
            "typeJO": "JO_QUESTION",
            "dateJO": "2014-08-12",
            "pageJO": "6855"
          }
        },
        "signalement": null,
        "renouvellements": null
      },
      {
        "uid": "QANR5L14QE73493",
        "identifiant": {
          "numero": "73493",
          "regime": "5eme République",
          "legislature": "14"
        },
        "type": "QE",
        "indexationAN": {
          "rubrique": "TVA",
          "teteAnalyse": "remboursement",
          "analyses": {
            "analyse": [
              "crédit de TVA",
              "délais",
              "trésorerie",
              "difficultés"
            ]
          }
        },
        "auteur": {
          "identite": {
            "acteurRef": "PA333335",
            "mandatRef": "PM645370"
          },
          "groupe": {
            "organeRef": "PO713077",
            "abrege": "SER",
            "developpe": "Socialiste, écologiste et républicain"
          }
        },
        "minInt": {
          "abrege": "Budget",
          "developpe": "Secrétariat d'État, auprès du ministre des finances et des comptes publics, chargé du budget"
        },
        "minAttribs": {
          "minAttrib": {
            "denomination": {
              "abrege": "Budget",
              "developpe": "Secrétariat d'État, auprès du ministre des finances et des comptes publics, chargé du budget"
            }
          }
        },
        "textesQuestion": {
          "texteQuestion": {
            "infoJO": {
              "typeJO": "JO_QUESTION",
              "dateJO": "2015-02-03"
            },
            "texte": "M. Hervé Féron interroge M. le secrétaire d'État, auprès du ministre des finances et des comptes publics, chargé du budget sur la restitution des crédits de taxe sur la valeur ajoutée. La TVA est un impôt général sur la consommation acquitté sur les biens et les services utilisés en France, à l'exception de certaines prestations faisant l'objet d'une exonération spécifique. Certaines entreprises, eu égard à la faiblesse de leur chiffre d'affaires, bénéficient par ailleurs d'une franchise de base. Payée par les clients, les entreprises sont chargées d'assurer la collecte de cette taxe avant reversement au Trésor public. Les professionnels pouvant déduire la TVA acquittée sur les achats réalisés dans le cadre de leur activité, la somme reversée à l'État correspond à la différence entre la somme collectée et la somme décomptée. Si la TVA à déduire s'avère supérieure à celle collectée, l'entreprise dispose d'un crédit de TVA qui peut être imputé sur la déclaration suivante afin de couvrir un versement ultérieur ou faire l'objet d'une restitution de la part de l'administration sous certaines conditions. En 2012, près de 90 % des demandes étaient honorées dans un délai inférieur ou égal à 30 jours mais de nombreux dirigeants s'inquiètent quant à la longueur parfois excessive de la procédure pour obtenir le remboursement. Si un tel délai a peu d'impacts sur les grands groupes, il n'en est pas de même pour les TPE et PME, pour qui la faiblesse des liquidités disponibles constitue une préoccupation majeure et permanente. Les difficultés de trésorerie rencontrées par ces entreprises nuisent à leur développement en se répercutant sur leur activité, leur compétitivité et leur capacité à exporter. Alors que la balance commerciale de la France se dégrade de façon continue depuis de nombreuses années et que le Gouvernement a mené une réforme du dispositif de soutien à l'exportation des entreprises avec notamment le lancement du label « Bpifrance export » le 22 mai 2013, marquant par-là l'importance pour notre économie de soutenir les ventes à l'international, il souhaite connaître les intentions du Gouvernement pour faciliter les démarches en matière de restitution des crédits de TVA pour les TPE et PME. Des mesures pourraient être envisagées dans le cadre du choc de simplification lancé par le Président de la République."
          }
        },
        "textesReponse": {
          "texteReponse": {
            "infoJO": {
              "typeJO": "JO_QUESTION",
              "dateJO": "2015-09-01"
            },
            "texte": "L'administration fiscale est particulièrement sensibilisée à l'importance d'un remboursement rapide des crédits de taxe sur la valeur ajoutée (TVA) pour la trésorerie des petites et moyennes entreprises. La direction générale des finances publiques (DGFiP) a pour objectif que 80 % des demandes de remboursements de crédit de TVA non imputables soient traitées dans un délai de 30 jours, mise en paiement comprise en cas de décision favorable. Ainsi, près de 90 % (89,05 % en 2014) des demandes de remboursement de crédits de TVA sont traitées dans un délai inférieur à 30 jours avec un délai moyen de remboursement de 13,9 jours en 2013. Eu égard aux enjeux financiers -48 milliards d'euros remboursés en 2013- et aux risques d'abus et de fraude, le traitement rapide des demandes ne saurait s'effectuer au détriment de la vigilance et des contrôles indispensables à la préservation des intérêts du Trésor. Cette exigence nécessite en pratique des vérifications pour sélectionner les dossiers potentiellement frauduleux mais aussi de s'assurer de la juste application des règles de déduction de la TVA par les entreprises. Ainsi, environ 20 % des demandes potentiellement à risque font l'objet d'un traitement approfondi et parmi celles-ci près de 10 % font l'objet d'un rejet partiel ou total. La DGFiP entend poursuivre ses efforts de ciblage des contrôles préalables sur les seuls dossiers à risque, afin de maximiser la part des dossiers traités très rapidement."
          }
        },
        "cloture": {
          "codeCloture": "REP_PUB",
          "libelleCloture": "Réponse publiée",
          "dateCloture": "2015-09-01",
          "infoJO": {
            "typeJO": "JO_QUESTION",
            "dateJO": "2015-09-01",
            "pageJO": "6678"
          }
        },
        "signalement": null,
        "renouvellements": {
          "renouvellement": {
            "infoJO": {
              "typeJO": "JO_QUESTION",
              "dateJO": "2015-05-12"
            }
          }
        }
      }
    ]
  }
}