{
  "questionsEcrites": {
    "question": [
      {
        "uid": "QANR5L14QE96439",
        "identifiant": {
          "numero": "96439",
          "regime": "5eme République",
          "legislature": "14"
        },
        "type": "QE",
        "indexationAN": {
          "rubrique": "tourisme et loisirs",
          "teteAnalyse": "politique du tourisme",
          "analyses": {
            "analyse": [
              "taxe de séjour",
              "personnes en situation de handicap",
              "perspectives"
            ]
          }
        },
        "auteur": {
          "identite": {
            "acteurRef": "PA344242",
            "mandatRef": "PM645170"
          },
          "groupe": {
            "organeRef": "PO713077",
            "abrege": "SER",
            "developpe": "Socialiste, écologiste et républicain"
          }
        },
        "minInt": {
          "abrege": "Finances et comptes publics",
          "developpe": "Ministère des finances et des comptes publics"
        },
        "minAttribs": {
          "minAttrib": [
            {
              "denomination": {
                "abrege": "Finances et comptes publics",
                "developpe": "Ministère des finances et des comptes publics"
              }
            },
            {
              "denomination": {
                "abrege": "Économie et finances",
                "developpe": "Ministère de l'économie et des finances"
              }
            }
          ]
        },
        "textesQuestion": {
          "texteQuestion": {
            "infoJO": {
              "typeJO": "JO_QUESTION",
              "dateJO": "2016-06-07"
            },
            "texte": "M. Philippe Kemel appelle l'attention de M. le ministre des finances et des comptes publics sur l'abrogation de la circulaire référencée n° NOR/LBL/BO3/10070/C en date du 3 octobre 2003 qui fixait des exonérations (et réductions) ne dépendant pas des natures d'hébergement mais liées aux conditions des personnes hébergées. En effet, la dernière loi de finances vient de supprimer l'exonération de la taxe de séjour dont bénéficiaient jusqu'à présent les personnes handicapées durant leurs loisirs et leurs vacances. Ce dispositif permettait indirectement aux associations, ayant pour objet de mettre en place des séjours ou vacances pour des personnes handicapées, de bénéficier d'une réduction sur le tarif global du séjour. En outre, ces personnes déficientes intellectuellement disposent, en général, de faibles revenus et une augmentation, aussi minime soit-elle, impacte réellement sur leur participation à ces moments d'évasionde leur quotidien. Il lui demande si le Gouvernement envisage de revenir sur la suppression de cette exonération qui bénéficiait aux plus modestes."
          }
        },
        "textesReponse": null,
        "cloture": null,
        "signalement": null,
        "renouvellements": null
      },
		{
		  "uid": "QANR5L14QE49897",
		  "identifiant": {
		    "numero": "49897",
		    "regime": "5eme République",
		    "legislature": "14"
		  },
		  "type": "QE",
		  "indexationAN": {
		    "rubrique": "élections et référendums",
		    "teteAnalyse": "élections cantonales et élections municipales",
		    "analyses": {
		      "analyse": [
		        "inéligibilités",
		        "réglementation"
		      ]
		    }
		  },
		  "auteur": {
		    "identite": {
		      "acteurRef": "PA2971",
		      "mandatRef": "PM645392"
		    },
		    "groupe": {
		      "organeRef": "PO707869",
		      "abrege": "LES-REP",
		      "developpe": "Les Républicains"
		    }
		  },
		  "minInt": {
		    "abrege": "Intérieur",
		    "developpe": "Ministère de l'intérieur"
		  },
		  "minAttribs": {
		    "minAttrib": [
		      {
		        "denomination": {
		          "abrege": "Intérieur",
		          "developpe": "Ministère de l'intérieur"
		        }
		      },
		      {
		        "denomination": {
		          "abrege": "Intérieur",
		          "developpe": "Ministère de l'intérieur"
		        }
		      }
		    ]
		  },
		  "textesQuestion": {
		    "texteQuestion": [
		      {
		        "infoJO": {
		          "typeJO": "JO_QUESTION",
		          "dateJO": "2014-02-18"
		        },
		        "texte": "Mme Marie-Jo Zimmermann attire l'attention de M. le ministre de l'intérieur sur le fait que l'article 8 de la loi n° 2003-239 du 18 mars 2003 prévoit que les fonctionnaires de police ayant la qualification d'OPJ, y compris les simples gardiens de la paix, sont compétents pour agir dans l'ensemble du département où ils sont affectés. Or les articles L. 195 et L. 231 du code électoral prévoient que les fonctionnaires de police ne sont pas éligibles aux élections cantonales et municipales dans les cantons et communes où ils ont exercé leurs fonctions au cours des six mois précédents. Dans le cas d'un simple gardien de la paix OPJ qui est affecté dans un commissariat, elle lui demande donc si l'inéligibilité s'applique uniquement aux cantons et communes du ressort du commissariat ou si elle s'applique à l'ensemble des cantons et communes du département. Le problème juridique est en effet de savoir si l'inéligibilité des fonctionnaires de police s'apprécie en fonction de la compétence territoriale des services auxquels ils appartiennent ou au regard du ressort territorial dans lequel leurs fonctions sont éventuellement susceptibles d'être exercées."
		      },
		      {
		        "infoJO": {
		          "typeJO": "JO_QUESTION",
		          "dateJO": "2014-08-12"
		        },
		        "erratum": "A la première ligne de la réponse, au lieu de : \"En application de l'article L. 231\", lire \" : D'après l'article L. 231\". A la 35ème ligne de la réponse, au lieu de : \"Aussi, sous réserve de l'appréciation souveraine du juge, il ne semble pas que la compétence territoriale des catégories de services actifs de police nationale, telle que fixée sur le plan judiciaire par le code de procédure pénale, soit un critère à prendre en compte en matière de ressort territorial de l'inéligibilité\",  lire : \"Aussi, sous réserve de l'appréciation souveraine du juge, il ne semble pas que la circonstance qu'un officier de police judiciaire soit compétent pour agir sur l'ensemble du département où il est affecté signifie, ipso facto, qu'il soit inéligible dans l'ensemble de ce département.\"",
		        "texte": "D'après l'article l'article L.231 du code électoral, les fonctionnaires des corps actifs de la police nationale ne peuvent être élus conseillers municipaux dans les communes situées dans le ressort où ils exercent ou ont exercé leurs fonctions depuis moins de six mois. Selon la jurisprudence, l'inéligibilité s'applique dans le ressort territorial du service dans lequel est affecté le fonctionnaire de police et non à son seul lieu de résidence administrative. Le Conseil d'État a en effet précisé cette notion de ressort. Ainsi, dans une décision du 8 décembre 2008 (n° 318214), il a considéré qu' \" il résulte de l'instruction qu'à la date de son élection en qualité de conseiller municipal de Coudoux, Mme A, brigadier-chef, appartenait au corps d'encadrement et d'application de la police nationale, qui est un corps actif de la police nationale, et était affectée depuis le 1er septembre 2004 au service départemental de la police aux frontières des Bouches-du-Rhône, dont le ressort comprend l'ensemble du département ; que, par suite, elle était inéligible comme conseiller municipal de la commune de Coudoux, qui est située dans le ressort dudit service ; que la circonstance qu'elle n'ait pas la qualité d'officier de police judiciaire et que les fonctions qu'elle exerce à l'aéroport de Marseille Provence, distant de 22 kilomètres de la commune de Coudoux, ne la placent pas dans une situation particulière d'autorité vis-à-vis des électeurs de cette commune est à cet égard indifférente \".  Ce critère de ressort territorial est à distinguer des dispositions de l'article 8 de la loi n° 2003-239 du 18 mars 2003 codifiées à l'article 15-1 du code de procédure pénale qui concernent la compétence territoriale des catégories de services ou unités de police judiciaire. Le critère de compétence judiciaire conduirait en effet à rendre inéligibles sur l'ensemble du territoire national les officiers et agents de police judiciaire exerçant leurs fonctions dans des services actifs de la police dont la compétence s'exerce en vertu du code de procédure pénale sur l'ensemble du territoire national alors même que le Conseil d'État a jugé que cette disposition du code électoral ne saurait établir une inéligibilité absolue sur l'ensemble du territoire (CE, 14 février 1990, n° 109276). Aussi, sous réserve de l'appréciation souveraine du juge, il ne semble pas que la circonstance qu'un officier de police judiciaire soit compétent pour agir sur l'ensemble du département où il est affecté signifie, ipso facto, qu'il soit inéligible dans l'ensemble de ce département."
		      }
		    ]
		  },
		  "textesReponse": {
		    "texteReponse": [
		      {
		        "infoJO": {
		          "typeJO": "JO_QUESTION",
		          "dateJO": "2014-06-17"
		        },
		        "texte": "En application de l'article L.231 du code électoral, les fonctionnaires des corps actifs de la police nationale ne peuvent être élus conseillers municipaux dans les communes situées dans le ressort où ils exercent ou ont exercé leurs fonctions depuis moins de six mois. Selon la jurisprudence, l'inéligibilité s'applique dans le ressort territorial du service dans lequel est affecté le fonctionnaire de police et non à son seul lieu de résidence administrative. Le Conseil d'Etat a en effet précisé cette notion de ressort. Ainsi, dans une décision du 8 décembre 2008 (n° 318214), il a considéré qu' « il résulte de l'instruction qu'à la date de son élection en qualité de conseiller municipal de Coudoux, Mme A, brigadier chef, appartenait au corps d'encadrement et d'application de la police nationale, qui est un corps actif de la police nationale, et était affectée depuis le 1er septembre 2004 au service départemental de la police aux frontières des Bouches-du-Rhône, dont le ressort comprend l'ensemble du département ; que, par suite, elle était inéligible comme conseiller municipal de la commune de Coudoux, qui est située dans le ressort dudit service ; que la circonstance qu'elle n'ait pas la qualité d'officier de police judiciaire et que les fonctions qu'elle exerce à l'aéroport de Marseille Provence, distant de 22 kilomètres de la commune de Coudoux, ne la placent pas dans une situation particulière d'autorité vis-à-vis des électeurs de cette commune est à cet égard indifférente ». Ce critère de ressort territorial est à distinguer des dispositions de l'article 8 de la loi n° 2003-239 du 18 mars 2003 codifiées à l'article 15-1 du code de procédure pénale qui concernent la compétence territoriale des catégories de services ou unités de police judiciaire. Le critère de compétence judiciaire conduirait en effet à rendre inéligibles sur l'ensemble du territoire national les officiers et agents de police judiciaire exerçant leurs fonctions dans des services actifs de la police dont la compétence s'exerce en vertu du code de procédure pénale sur l'ensemble du territoire national alors même que le Conseil d'Etat a jugé que cette disposition du code électoral ne saurait établir une inéligibilité absolue sur l'ensemble du territoire (CE, 14 février 1990, n° 109276). Aussi, sous réserve de l'appréciation souveraine du juge, il ne semble pas que la compétence territoriale des catégories de services actifs de police nationale, telle que fixée sur le plan judiciaire par le code de procédure pénale, soit un critère à prendre en compte en matière de ressort territorial de l'inéligibilité."
		      },
		      {
		        "infoJO": {
		          "typeJO": "JO_QUESTION",
		          "dateJO": "2014-07-22"
		        },
		        "erratum": null,
		        "texte": "<p><em> </em></p><p>En application de l'article L.231 du code électoral, les fonctionnaires des corps actifs de la police nationale ne peuvent être élus conseillers municipaux dans les communes situées dans le ressort où ils exercent ou ont exercé leurs fonctions depuis moins de six mois. Selon la jurisprudence, l'inéligibilité s'applique dans le ressort territorial du service dans lequel est affecté le fonctionnaire de police et non à son seul lieu de résidence administrative. Le Conseil d'Etat a en effet précisé cette notion de ressort. Ainsi, dans une décision du 8 décembre 2008 (n° 318214), il a considéré qu' « il résulte de l'instruction qu'à la date de son élection en qualité de conseiller municipal de Coudoux, Mme A, brigadier chef, appartenait au corps d'encadrement et d'application de la police nationale, qui est un corps actif de la police nationale, et était affectée depuis le 1er septembre 2004 au service départemental de la police aux frontières des Bouches-du-Rhône, dont le ressort comprend l'ensemble du département ; que, par suite, elle était inéligible comme conseiller municipal de la commune de Coudoux, qui est située dans le ressort dudit service ; que la circonstance qu'elle n'ait pas la qualité d'officier de police judiciaire et que les fonctions qu'elle exerce à l'aéroport de Marseille Provence, distant de 22 kilomètres de la commune de Coudoux, ne la placent pas dans une situation particulière d'autorité vis-à-vis des électeurs de cette commune est à cet égard indifférente ».  Ce critère de ressort territorial est à distinguer des dispositions de l'article 8 de la loi n° 2003-239 du 18 mars 2003 codifiées à l’article 15-1 du code de procédure pénale qui concernent la compétence territoriale des catégories de services ou unités de police judiciaire. Le critère de compétence judiciaire conduirait en effet à rendre inéligibles sur l’ensemble du territoire national les officiers et agents de police judiciaire exerçant leurs fonctions dans des services actifs de la police dont la compétence s’exerce en vertu du code de procédure pénale sur l’ensemble du territoire national alors même que le Conseil d’Etat a jugé que cette disposition du code électoral ne saurait établir une inéligibilité absolue sur l’ensemble du territoire (CE, 14 février 1990, n° 109276). Aussi, sous réserve de l’appréciation souveraine du juge, il ne semble pas que la compétence territoriale des catégories de services actifs de police nationale, telle que fixée sur le plan judiciaire par le code de procédure pénale, soit un critère à prendre en compte en matière de ressort territorial de l'inéligibilité.</p>"
		      }
		    ]
		  },
		  "cloture": {
		    "codeCloture": "REP_PUB",
		    "libelleCloture": "Réponse publiée",
		    "dateCloture": "2014-06-17",
		    "infoJO": {
		      "typeJO": "JO_QUESTION",
		      "dateJO": "2014-06-17",
		      "pageJO": "5020"
		    }
		  },
		  "signalement": null,
		  "renouvellements": null
		}
    ]
  }
}


requête jq pour produire Questions_ecrites_14_scalding_input.txt:

.questionsEcrites.question|map({uid:.uid, auteur_ref:.auteur.identite.acteurRef, 
mandat_ref:.auteur.identite.mandatRef, groupe_ref:.auteur.groupe.organeRef,
rubrique:.indexationAN.rubrique,teteAnalyse:.indexationAN.teteAnalyse,
texte:.textesQuestion.texteQuestion.texte
})

jq ".questionsEcrites.question|map({uid:.uid, auteur_ref:.auteur.identite.acteurRef, mandat_ref:.auteur.identite.mandatRef, groupe_ref:.auteur.groupe.organeRef,rubrique:.indexationAN.rubrique,teteAnalyse:.indexationAN.teteAnalyse,texte:.textesQuestion.texteQuestion.texte})" <file>
